<?xml version="1.0" encoding="UTF-8" standalone="yes"?>
<addon id="repository.dragon" name="DragonRepo" version="1.2.0" provider-name="DragonRepo">
	<extension point="xbmc.addon.repository" name="DragonRepo">
		<info compressed="false">http://ngarba.xyz/repo/vip/addons.xml</info>
		<checksum>http://ngarba.xyz/repo/vip/addons.xml.md5</checksum>
		<datadir zip="true">http://ngarba.xyz/repo/vip/zips/</datadir>
	</extension>
	<extension point="xbmc.addon.metadata">
		<summary>DragonRepo</summary>
		<description>kidsRepo</description>
		<platform>all</platform>
	</extension>
</addon>

